model,alpha,scenario,budget_pct,seed,yield_kg_ha,pct_mpc,mean_abs_du,water_used_mm,drought_days,waterlog_days,spatial_equity_cv
a3_0p50,0.1,dry,70,0,3807.474106181714,101.09385880454853,0.3147792481313875,338.8000000000002,54.33076923076923,3.046153846153846,0.008919589173739528
a3_0p50,0.1,dry,85,0,4104.03144081555,100.85810075081964,0.30220261862009384,411.4,33.76923076923077,1.4384615384615385,0.006594839255455592
a3_0p50,0.1,dry,100,0,4174.600179422302,100.71113906096166,0.24959149150071264,465.8909336436087,25.46153846153846,0.49230769230769234,0.006715735076765765
a3_0p50,0.1,moderate,70,0,3613.2678388301156,100.04233992613759,0.3041453698915499,338.80000000000007,50.37692307692308,1.3923076923076922,0.012419640389927067
a3_0p50,0.1,moderate,85,0,3749.8752826175414,100.66576697800323,0.2912107761639372,411.4,19.6,9.207692307692307,0.0064463280277724955
a3_0p50,0.1,moderate,100,0,3777.716970956578,101.59430855203497,0.2696930657856078,435.82012033964355,11.684615384615384,14.53076923076923,0.008461952689063955
a3_0p50,0.1,wet,70,0,3557.1781168178586,94.76353877070389,0.31575719132603913,301.17351229234805,37.88461538461539,26.823076923076922,0.006543445055414185
a3_0p50,0.1,wet,85,0,3582.0360658773193,95.70494790131762,0.308492535100396,304.53220202788884,35.46153846153846,28.384615384615383,0.00695181201756981
a3_0p50,0.1,wet,100,0,3587.3991562838364,95.44231779525863,0.30420173656485655,304.6119879108691,34.738461538461536,29.915384615384614,0.007478484822774155
a3_0p50,0.2,dry,70,0,3773.461046861089,100.19076364997156,0.4211365964114784,338.8,53.207692307692305,2.8384615384615386,0.011749472334266039
a3_0p50,0.2,dry,85,0,4097.226319412399,100.69086235852208,0.446041432235717,411.39999999999986,29.53846153846154,1.2923076923076924,0.007441209819872481
a3_0p50,0.2,dry,100,0,4183.341044341853,100.92201014432078,0.4173382981009411,473.1840801336599,20.846153846153847,0.12307692307692308,0.0064670118617244235
a3_0p50,0.2,moderate,70,0,3606.9343635218747,99.86698185196119,0.43324773214580514,338.7999999999999,44.36923076923077,2.3846153846153846,0.018282879773800786
a3_0p50,0.2,moderate,85,0,3770.0509590379197,101.20738497542625,0.4427166684509018,411.39999999999986,12.7,7.6692307692307695,0.00722016677817926
a3_0p50,0.2,moderate,100,0,3810.620182846269,102.47917607566734,0.4159259445041554,416.04614268725965,7.976923076923077,7.5,0.008389420436524152
a3_0p50,0.2,wet,70,0,3710.830105243437,98.85684129427516,0.4824457004953268,306.7942947277055,23.323076923076922,18.407692307692308,0.005929181807288662
a3_0p50,0.2,wet,85,0,3725.2101040131924,99.53027618071309,0.46850484482833127,308.41311738481704,23.3,19.684615384615384,0.00546190239665776
a3_0p50,0.2,wet,100,0,3720.9465988384914,98.99533124532842,0.44593038670942,308.4414123853172,21.853846153846153,20.584615384615386,0.005082364979219671
a3_0p50,0.3,dry,70,0,3768.0075467839406,100.04596545793797,0.572477286708848,338.8000000000002,51.2,2.3,0.012930587088323354
a3_0p50,0.3,dry,85,0,4101.665974519509,100.79996853583805,0.5569651776441905,411.4,25.23846153846154,0.6153846153846154,0.008177987198738832
a3_0p50,0.3,dry,100,0,4192.535043085692,101.14381296284728,0.5294278673851313,480.3311494431502,15.823076923076924,0.19230769230769232,0.007182524016049973
a3_0p50,0.3,moderate,70,0,3603.0539493732836,99.75954289957141,0.5892985207681571,338.8,41.38461538461539,2.9384615384615387,0.02031801082355962
a3_0p50,0.3,moderate,85,0,3774.9560428533177,101.33906242791576,0.6439824197556637,411.39999999999986,9.46923076923077,6.576923076923077,0.007438870640790541
a3_0p50,0.3,moderate,100,0,3813.0957614635436,102.54575192023744,0.5879278270928223,411.214916021275,6.7,6.123076923076923,0.007857920399834375
a3_0p50,0.3,wet,70,0,3735.6742572683656,99.5186916954425,0.644957592425994,303.98145254848026,20.076923076923077,12.9,0.0047149229963093404
a3_0p50,0.3,wet,85,0,3751.608980094552,100.23560214995372,0.6263214797865733,306.2947949452669,21.184615384615384,14.561538461538461,0.004553253296888303
a3_0p50,0.3,wet,100,0,3746.2995827069126,99.66984429447974,0.5961417355814289,305.7395548610681,19.446153846153845,15.923076923076923,0.004405424519105495
a3_0p50,0.5,dry,70,0,3763.392470023433,99.92342859875319,0.9596724138436364,338.8,48.62307692307692,2.0384615384615383,0.013952862666161836
a3_0p50,0.5,dry,85,0,4103.31871532159,100.84058525642978,0.8481247429583881,411.4000000000001,20.76153846153846,0.36923076923076925,0.008748744468236534
a3_0p50,0.5,dry,100,0,4197.907470594389,101.27342137339409,0.8231655020231979,484.0000000000002,12.0,0.43846153846153846,0.007591565199578317
a3_0p50,0.5,moderate,70,0,3599.321245462882,99.6561936738553,0.9340174642484868,338.8000000000001,36.84615384615385,3.330769230769231,0.022252919112977994
a3_0p50,0.5,moderate,85,0,3775.1134172959996,101.34328716014852,1.051122096945914,409.66617442649476,8.53076923076923,5.723076923076923,0.007441575591211838
a3_0p50,0.5,moderate,100,0,3812.5295126309356,102.53052376549226,0.9168175641602709,410.2240992236567,7.115384615384615,5.769230769230769,0.007451114465657156
a3_0p50,0.5,wet,70,0,3743.5941124611077,99.7296773362985,0.9888631954973464,300.71801861242415,18.246153846153845,10.8,0.004300182351969411
a3_0p50,0.5,wet,85,0,3765.347243988317,100.60266150000673,0.9123231154528327,304.5828569955776,21.446153846153845,11.615384615384615,0.004216213979629536
a3_0p50,0.5,wet,100,0,3763.083160831181,100.1163693471135,0.8794649396885997,303.49391361830897,21.553846153846155,13.26923076923077,0.004048624999643339
a3_0p50,0.7,dry,70,0,3760.790618050536,99.85434572421667,1.345676464447459,338.8,47.41538461538462,1.9,0.014668894524231145
a3_0p50,0.7,dry,85,0,4103.590089617021,100.84725438078331,1.2259185629756237,411.4,19.861538461538462,0.4461538461538462,0.0090041843114502
a3_0p50,0.7,dry,100,0,4198.500598678953,101.28773043352872,1.1593073967873972,483.9999999999999,11.792307692307693,0.4230769230769231,0.0076109501131902246
a3_0p50,0.7,moderate,70,0,3597.8414100658006,99.61522073677087,1.321548118506361,338.8,35.13076923076923,3.4692307692307693,0.023298871186398513
a3_0p50,0.7,moderate,85,0,3775.1302416525464,101.3437388116377,1.5132385335627274,409.28200633867607,8.53076923076923,5.546153846153846,0.007453471001969121
a3_0p50,0.7,moderate,100,0,3811.515190887317,102.50324556625593,1.292308785453432,410.1909872834814,7.4,5.446153846153846,0.007203949493979414
a3_0p50,0.7,wet,70,0,3743.199854542502,99.7191742705738,1.4175447875880705,301.0861919723298,17.715384615384615,10.146153846153846,0.004215219127478516
a3_0p50,0.7,wet,85,0,3764.5340283429505,100.58093397980845,1.2374386747402732,304.5406581722254,22.784615384615385,10.938461538461539,0.003917862946446813
a3_0p50,0.7,wet,100,0,3765.009718725226,100.16762518533055,1.1680598389676498,303.4175317830609,24.00769230769231,13.584615384615384,0.004008510262658849
a3_0p50,1.0,dry,70,0,3758.55546446316,99.79499921394053,2.160863039015767,338.80000000000007,46.16923076923077,1.7846153846153847,0.015092102329168675
a3_0p50,1.0,dry,85,0,4103.2753691726875,100.839520008681,1.9956600044501656,411.4000000000001,19.2,0.6384615384615384,0.00929553126936785
a3_0p50,1.0,dry,100,0,4199.06458631757,101.30133648801542,1.7621757734180692,484.0,11.5,0.4153846153846154,0.007545774363816858
a3_0p50,1.0,moderate,70,0,3596.0561173548735,99.5657904514389,2.1477156879583994,338.8,35.05384615384615,3.6076923076923078,0.023770928614731904
a3_0p50,1.0,moderate,85,0,3774.0814279162914,101.3155833047955,2.3524844410028747,409.41879959656643,9.692307692307692,5.6,0.007433116982231097
a3_0p50,1.0,moderate,100,0,3810.2894707370156,102.4702822203765,2.0032623013425432,410.6914046865243,7.684615384615385,5.6,0.0069471977423859604
a3_0p50,1.0,wet,70,0,3740.4296394983044,99.64537549746686,2.266840445277683,303.1650253497637,18.06153846153846,9.815384615384616,0.0041562139194321465
a3_0p50,1.0,wet,85,0,3761.301982744816,100.4945800878053,1.9222956506304916,305.83484211334815,23.546153846153846,11.061538461538461,0.0037819644993259773
a3_0p50,1.0,wet,100,0,3762.289601380944,100.095256794554,1.7844295511476969,303.9168448090553,26.0,13.484615384615385,0.004031588827322604
a3_1p00,0.1,dry,70,0,3618.6020279481527,96.0790362012733,0.3290850043097643,338.7999999999999,57.95384615384615,8.36923076923077,0.03619496470811583
a3_1p00,0.1,dry,85,0,3979.2248833337458,97.7909331303003,0.2886448007013323,411.39999999999986,36.9,17.26153846153846,0.013692808898349413
a3_1p00,0.1,dry,100,0,4139.59469769553,99.86664095657821,0.2602765955040912,474.8315309316869,19.26153846153846,15.330769230769231,0.007099714685806475
a3_1p00,0.1,moderate,70,0,3473.3467517996182,96.16827534639366,0.30296171310126346,338.80000000000007,55.93076923076923,4.176923076923077,0.01995742523658624
a3_1p00,0.1,moderate,85,0,3694.6823066972156,99.1841061668896,0.24483099096981667,411.39999999999975,24.869230769230768,17.26153846153846,0.011920637966452447
a3_1p00,0.1,moderate,100,0,3800.3005599079984,102.20165000238244,0.2335447724485003,440.89714216161667,11.423076923076923,19.723076923076924,0.011001989210424798
a3_1p00,0.1,wet,70,0,3600.5379925695324,95.91864968501547,0.27328985236205855,289.0291501013652,43.284615384615385,23.046153846153846,0.01055405974335805
a3_1p00,0.1,wet,85,0,3642.8925287505194,97.33091271619493,0.27345246416504554,319.6625203617991,24.053846153846155,30.115384615384617,0.008491124064122795
a3_1p00,0.1,wet,100,0,3580.0465069183756,95.24670145405885,0.2894419776151375,342.2949214527315,10.623076923076923,45.57692307692308,0.012343497096614765
a3_1p00,0.2,dry,70,0,3593.6497661332196,95.4165181217209,0.5003875906051357,338.7999999999999,56.207692307692305,8.4,0.03489748705879733
a3_1p00,0.2,dry,85,0,3978.7155151516818,97.77841521756821,0.48717882796338086,411.39999999999986,34.0,14.246153846153845,0.013257817081874668
a3_1p00,0.2,dry,100,0,4134.346243620843,99.74002337274915,0.4718782404299451,480.1073594605467,16.084615384615386,11.753846153846155,0.006155769226150062
a3_1p00,0.2,moderate,70,0,3445.6788827276932,95.4022213237775,0.4313891369667605,338.80000000000024,50.246153846153845,6.161538461538462,0.016766072200387623
a3_1p00,0.2,moderate,85,0,3689.9279238298463,99.0564742960193,0.36057992364614777,409.1050956069585,24.361538461538462,14.061538461538461,0.009513870421003495
a3_1p00,0.2,moderate,100,0,3815.5894609958796,102.61281509137278,0.39124131168586557,427.7857893644223,7.7846153846153845,15.561538461538461,0.009237919241192537
a3_1p00,0.2,wet,70,0,3708.6580882550843,98.79897857013626,0.43724434696625963,301.732246534641,34.58461538461538,16.361538461538462,0.01122446164573916
a3_1p00,0.2,wet,85,0,3722.3681337990097,99.45434433461125,0.4273124592448332,326.7981409042894,12.353846153846154,30.453846153846154,0.007406784284227609
a3_1p00,0.2,wet,100,0,3643.460024264655,96.93381036260539,0.4434945020676657,346.1057170431654,1.146153846153846,47.36153846153846,0.012272768368543277
a3_1p00,0.3,dry,70,0,3581.4401216043802,95.09233467473481,0.6548132152796656,338.8,55.246153846153845,8.338461538461539,0.035825086238799375
a3_1p00,0.3,dry,85,0,3982.926284790924,97.8818964492882,0.682636596113624,411.4,33.95384615384615,12.453846153846154,0.01349430308545668
a3_1p00,0.3,dry,100,0,4146.213439222439,100.02631636731834,0.6762558132395571,482.3076649374265,14.892307692307693,8.253846153846155,0.006100968458524618
a3_1p00,0.3,moderate,70,0,3439.872051796491,95.24144471384287,0.5577124742657383,338.79999999999995,47.06153846153846,6.492307692307692,0.016888829262539543
a3_1p00,0.3,moderate,85,0,3690.9695787169812,99.08443762286004,0.496655728580234,403.7950555245864,23.084615384615386,11.73076923076923,0.008693405415427178
a3_1p00,0.3,moderate,100,0,3814.5496011138393,102.58485009385734,0.5352280817204815,425.8806846174229,9.13076923076923,15.007692307692308,0.008913916260919872
a3_1p00,0.3,wet,70,0,3714.110027532231,98.9442187133337,0.6129489792646146,303.53630859580176,31.93846153846154,14.930769230769231,0.010574325972078823
a3_1p00,0.3,wet,85,0,3729.9618177658767,99.65723261241257,0.6151936851621618,325.3513316216985,11.215384615384615,30.83076923076923,0.0067048074588362165
a3_1p00,0.3,wet,100,0,3665.6147457993648,97.52323403174947,0.6116769046615146,342.7806644776262,1.4,46.34615384615385,0.01084197933313469
a3_1p00,0.5,dry,70,0,3574.2657972876914,94.90184614893977,0.9702290994594911,338.7999999999999,53.9,7.076923076923077,0.03857256948706198
a3_1p00,0.5,dry,85,0,3985.342228205011,97.94126915824042,1.0826094385534446,411.4,33.761538461538464,9.646153846153846,0.01345737805961911
a3_1p00,0.5,dry,100,0,4155.943660981362,100.26105542604002,1.0819705119229104,481.77285880260206,13.761538461538462,8.3,0.006328439022703808
a3_1p00,0.5,moderate,70,0,3438.897042070476,95.2144491356593,0.8178157310028178,338.7999999999999,43.84615384615385,6.7,0.01777887284839708
a3_1p00,0.5,moderate,85,0,3690.9602999715053,99.08418853403452,0.7446642139530685,400.4430464149758,24.215384615384615,10.261538461538462,0.008552933200008439
a3_1p00,0.5,moderate,100,0,3812.1294657418734,102.51976528692039,0.7585352874100794,424.59747500227,10.876923076923077,15.023076923076923,0.008776838414728805
a3_1p00,0.5,wet,70,0,3706.6611377100776,98.74577963148872,0.9798702626060521,303.0277321270422,29.515384615384615,14.507692307692308,0.009534077008383145
a3_1p00,0.5,wet,85,0,3724.6510208163354,99.51533857895708,0.9958530135949656,323.87411449867267,12.676923076923076,30.353846153846153,0.0061616239904658514
a3_1p00,0.5,wet,100,0,3671.419882654281,97.67767899101233,0.974281728866546,341.1835944481731,3.0384615384615383,46.66923076923077,0.00999612331025009
a3_1p00,0.7,dry,70,0,3571.9535659259063,94.8404531140056,1.2988899968220626,338.8,53.51538461538462,7.030769230769231,0.040938393643557586
a3_1p00,0.7,dry,85,0,3985.806945031144,97.95268974727504,1.5406539806886606,411.3999999999999,33.776923076923076,9.761538461538462,0.013507105528645143
a3_1p00,0.7,dry,100,0,4157.794852573532,100.30571493973105,1.5113891391849037,480.6270385828199,13.792307692307693,7.053846153846154,0.006477519018849533
a3_1p00,0.7,moderate,70,0,3438.662839644954,95.20796465686873,1.0969332001966505,338.8000000000001,43.66923076923077,6.8076923076923075,0.01847966658657855
a3_1p00,0.7,moderate,85,0,3690.8365669312016,99.08086690852328,1.0229676606660656,399.2195232143392,24.8,9.8,0.008779129699135727
a3_1p00,0.7,moderate,100,0,3811.0374949017983,102.49039886711992,1.014478665105761,423.5155810172834,12.046153846153846,14.946153846153846,0.008906443587131855
a3_1p00,0.7,wet,70,0,3699.4792699567024,98.55445404110702,1.3576194653567915,302.09009290184343,28.73076923076923,14.984615384615385,0.008972206360825146
a3_1p00,0.7,wet,85,0,3716.5124607949383,99.29789228625798,1.381151077093426,322.85971056740294,13.538461538461538,30.630769230769232,0.005926089839831789
a3_1p00,0.7,wet,100,0,3667.9047242781053,97.5841586303767,1.3736260302144154,341.04824046547714,4.315384615384615,47.0,0.00977887160227981
a3_1p00,1.0,dry,70,0,3570.3152533280495,94.79695358181533,1.9098114231813017,338.7999999999999,53.46153846153846,6.953846153846154,0.043254782134176835
a3_1p00,1.0,dry,85,0,3985.6657987057542,97.94922102377424,2.418525874685594,411.39999999999986,33.95384615384615,9.946153846153846,0.013392254410611109
a3_1p00,1.0,dry,100,0,4157.9097152680715,100.30848597223849,2.273163287516023,479.99382796746033,13.946153846153846,8.038461538461538,0.0065297431717027885
a3_1p00,1.0,moderate,70,0,3437.716560395922,95.18176455366039,1.5796178275127475,338.8000000000001,43.89230769230769,6.684615384615385,0.019001449018109365
a3_1p00,1.0,moderate,85,0,3689.5008000361368,99.04500811620055,1.5205789060496966,398.5209894033579,25.2,9.330769230769231,0.008994103930061736
a3_1p00,1.0,moderate,100,0,3809.7046517903595,102.45455465873798,1.4406277168853625,422.8107352192585,12.884615384615385,14.761538461538462,0.009085876490025853
a3_1p00,1.0,wet,70,0,3691.5590038774485,98.3434574541981,2.034279925408571,300.7082529764909,28.415384615384614,15.446153846153846,0.008587808318018544
a3_1p00,1.0,wet,85,0,3707.094899894107,99.046273609395,2.0871535622555277,321.6151117361509,14.284615384615385,30.884615384615383,0.005675246194235284
a3_1p00,1.0,wet,100,0,3661.5914459972346,97.41619463034138,2.109065951511613,340.79237498870265,5.561538461538461,47.36923076923077,0.009566418076889125
a3_1p15,0.1,dry,70,0,3751.031102516838,99.5952166906764,0.30503240998873205,338.7999999999999,40.6,13.361538461538462,0.030343506221891782
a3_1p15,0.1,dry,85,0,4065.447441858263,99.90988461009967,0.32833441639648375,411.4,20.66923076923077,21.46923076923077,0.0039947559143719506
a3_1p15,0.1,dry,100,0,4187.179870707525,101.01462082781804,0.26330686984334806,472.55510295163214,15.638461538461538,16.615384615384617,0.006344916712740859
a3_1p15,0.1,moderate,70,0,3613.596547188181,100.051441037586,0.29702414166972674,338.79999999999995,40.33846153846154,2.792307692307692,0.03023416691202516
a3_1p15,0.1,moderate,85,0,3770.6406087183855,101.22321417849537,0.2723879450199852,411.39999999999975,11.569230769230769,9.192307692307692,0.011757702554916427
a3_1p15,0.1,moderate,100,0,3770.412052056301,101.3978570469572,0.22680640859683227,437.2124740639475,17.138461538461538,13.715384615384615,0.010087727348513766
a3_1p15,0.1,wet,70,0,3619.3236052290017,96.41910006313135,0.3359817448723029,314.8137817602936,27.915384615384614,26.476923076923075,0.0078045536111073
a3_1p15,0.1,wet,85,0,3603.6663452146386,96.28286635858532,0.3221624074535788,327.69406409080995,24.476923076923075,28.876923076923077,0.008388986613280467
a3_1p15,0.1,wet,100,0,3597.494008755809,95.71089011625018,0.32242896442830565,334.8808427956602,22.29230769230769,33.315384615384616,0.007838453291628638
a3_1p15,0.2,dry,70,0,3759.0567178458996,99.80830820496365,0.5158307756512146,338.8000000000001,36.93076923076923,12.038461538461538,0.04002558049178654
a3_1p15,0.2,dry,85,0,4096.49684798144,100.67293532649529,0.5592570280588544,411.4,14.653846153846153,18.06923076923077,0.0040801319585911655
a3_1p15,0.2,dry,100,0,4195.574981734077,101.21715068880803,0.4900022466335209,471.641013788504,10.830769230769231,11.953846153846154,0.0062630932836318255
a3_1p15,0.2,moderate,70,0,3601.8499697741936,99.7262077188738,0.5082860225480385,338.8,40.215384615384615,4.269230769230769,0.031096001596162187
a3_1p15,0.2,moderate,85,0,3772.3395737443725,101.26882305999673,0.4736147042146686,411.40000000000003,10.669230769230769,9.038461538461538,0.011266283669018074
a3_1p15,0.2,moderate,100,0,3769.038532454042,101.36091892391966,0.41342441194721585,432.5293420808859,17.16923076923077,13.153846153846153,0.009979346450465219
a3_1p15,0.2,wet,70,0,3709.2275436729315,98.81414891269296,0.5277509211518203,324.3052812518982,24.26923076923077,22.592307692307692,0.006148910863945101
a3_1p15,0.2,wet,85,0,3704.6918180352327,98.98206799563887,0.5064548151607062,333.78748014160186,17.361538461538462,26.29230769230769,0.006539261538589838
a3_1p15,0.2,wet,100,0,3718.560750369619,98.93185603728568,0.4821373629593079,340.08139527684483,10.9,27.423076923076923,0.007329742165787335
a3_1p15,0.3,dry,70,0,3764.0401789951056,99.9406261941938,0.7273561841801925,338.7999999999999,36.323076923076925,10.423076923076923,0.043213205008859994
a3_1p15,0.3,dry,85,0,4100.615628033548,100.77415587986012,0.7717712911615683,411.39999999999986,13.584615384615384,17.03076923076923,0.0036944033417274195
a3_1p15,0.3,dry,100,0,4199.36713837217,101.30863547731606,0.6923256749504041,472.5079401565384,8.115384615384615,10.161538461538461,0.005963332253866312
a3_1p15,0.3,moderate,70,0,3595.8307339570856,99.5595501494461,0.6593853601791698,338.8,39.54615384615385,5.2153846153846155,0.03217498844466825
a3_1p15,0.3,moderate,85,0,3772.3108831131085,101.26805285720768,0.7030419439375706,411.3999999999999,10.946153846153846,8.8,0.010624957898295298
a3_1p15,0.3,moderate,100,0,3772.500024664019,101.4540089860748,0.6317440849685597,434.24275087991816,16.384615384615383,12.830769230769231,0.009461129591534952
a3_1p15,0.3,wet,70,0,3730.390377273132,99.37792866633784,0.6981970511399793,326.0846977858176,22.415384615384614,22.9,0.005115169373740298
a3_1p15,0.3,wet,85,0,3735.984241012895,99.81813989879814,0.6490035575434894,333.4735354590649,13.946153846153846,25.3,0.00495889938182369
a3_1p15,0.3,wet,100,0,3744.7572989655755,99.628812023311,0.6269633673907749,338.63807090626426,8.038461538461538,26.93076923076923,0.006124615529874849
a3_1p15,0.5,dry,70,0,3769.366428344787,100.08204569822674,1.1525513955947755,338.8,35.7,8.238461538461538,0.042968976699033115
a3_1p15,0.5,dry,85,0,4100.743687545811,100.77730299005557,1.1752888013510197,411.39999999999964,13.461538461538462,14.315384615384616,0.003369784228738966
a3_1p15,0.5,dry,100,0,4203.11395715704,101.39902650195582,1.0995395005424182,472.97173007925574,5.838461538461538,7.6923076923076925,0.005428605979539123
a3_1p15,0.5,moderate,70,0,3591.1596764807637,99.43022026284349,0.9262277727375099,338.8,39.80769230769231,6.007692307692308,0.03540609994084095
a3_1p15,0.5,moderate,85,0,3772.5976417051643,101.27575091952474,1.1126535133739983,411.39999999999986,11.115384615384615,8.861538461538462,0.010738954177602116
a3_1p15,0.5,moderate,100,0,3772.9257115538758,101.46545700231506,1.0565605549425388,434.7389523738603,16.130769230769232,12.6,0.009233570209008985
a3_1p15,0.5,wet,70,0,3734.638237027426,99.49109202484817,1.050845252454898,323.0902659816304,21.915384615384614,24.392307692307693,0.0047801106601622215
a3_1p15,0.5,wet,85,0,3749.2295752203227,100.17202913858918,0.9575367304001623,328.8119905079614,13.284615384615385,26.23076923076923,0.004482260611472828
a3_1p15,0.5,wet,100,0,3752.9876359260297,99.84777913611912,0.9823118773496081,333.6863783354985,8.307692307692308,28.584615384615386,0.005597770612053349
a3_1p15,0.7,dry,70,0,3770.8902792142017,100.12250610855014,1.5027914650040821,338.79999999999995,35.792307692307695,7.3076923076923075,0.0430129392889548
a3_1p15,0.7,dry,85,0,4102.5721899310165,100.82223911699558,1.6132579680736707,411.39999999999986,13.930769230769231,12.515384615384615,0.003274343567859062
a3_1p15,0.7,dry,100,0,4204.791499534172,101.43949677368549,1.5136143662646457,472.3269386803042,5.969230769230769,6.969230769230769,0.005078351466668229
a3_1p15,0.7,moderate,70,0,3588.8641608192647,99.36666318145431,1.2797450463209543,338.7999999999998,39.7,6.469230769230769,0.03790407636685612
a3_1p15,0.7,moderate,85,0,3774.186607136055,101.3184068511883,1.5536914411297573,411.4000000000001,12.607692307692307,9.176923076923076,0.010888737119378567
a3_1p15,0.7,moderate,100,0,3773.4819898409933,101.4804170187421,1.4758936062758659,434.4777965026254,15.953846153846154,12.561538461538461,0.009214035083890645
a3_1p15,0.7,wet,70,0,3734.3876002307798,99.48441503847965,1.473073264674924,320.0578708762408,21.83076923076923,24.346153846153847,0.004531249657281514
a3_1p15,0.7,wet,85,0,3752.0070060563276,100.24623661963369,1.367804961810298,325.40316635286644,13.838461538461539,26.553846153846155,0.004534077879211303
a3_1p15,0.7,wet,100,0,3754.2758478169417,99.88205185663996,1.4625597822861143,331.54831223208,9.015384615384615,29.66923076923077,0.005505927039912432
a3_1p15,1.0,dry,70,0,3770.1946475594855,100.10403609763983,2.253799680902007,338.7999999999999,36.146153846153844,7.030769230769231,0.04355928033104282
a3_1p15,1.0,dry,85,0,4102.297673318807,100.81549276903715,2.2833945463353666,411.3999999999999,14.36923076923077,11.361538461538462,0.003428208658754321
a3_1p15,1.0,dry,100,0,4204.995217842446,101.44441142466812,2.1712826209423137,471.51907376784544,7.538461538461538,6.315384615384615,0.004875092308796473
a3_1p15,1.0,moderate,70,0,3586.9555528403425,99.31381860509572,1.945018442339331,338.80000000000007,39.65384615384615,6.7153846153846155,0.04056653810940314
a3_1p15,1.0,moderate,85,0,3775.5627068559465,101.35534838211953,2.2689263775535284,411.40000000000015,14.315384615384616,9.307692307692308,0.010888351205275027
a3_1p15,1.0,moderate,100,0,3775.2545540011356,101.52808666461507,2.2019416431120806,433.3157501385762,16.56153846153846,12.307692307692308,0.009175661015543683
a3_1p15,1.0,wet,70,0,3732.025591981476,99.42149093039201,2.263697167882154,317.4480391749969,21.907692307692308,24.361538461538462,0.004424960187687863
a3_1p15,1.0,wet,85,0,3751.442115745313,100.23114386322607,2.287130307632944,323.34273038644056,14.676923076923076,26.823076923076922,0.0046656195542962
a3_1p15,1.0,wet,100,0,3752.7555096625088,99.84160344513899,2.506167091643531,330.80652791261673,9.792307692307693,30.246153846153845,0.005507756917155134
a3_1p50,0.1,dry,70,0,3705.411707500615,98.38395679765932,0.38870740431254175,338.7999999999998,57.60769230769231,3.830769230769231,0.015199487496102948
a3_1p50,0.1,dry,85,0,4036.7816340693944,99.20541171027733,0.3933784908916516,411.39999999999986,34.03076923076923,8.961538461538462,0.009582653363775574
a3_1p50,0.1,dry,100,0,4174.933497827705,100.71918028044024,0.4050125335339663,484.00000000000017,21.176923076923078,8.115384615384615,0.010557030765948956
a3_1p50,0.1,moderate,70,0,3536.9697349616326,97.92983645742106,0.36741967535938413,338.8000000000002,49.33846153846154,16.876923076923077,0.00898778823654811
a3_1p50,0.1,moderate,85,0,3688.1908739177998,99.00984302204445,0.3464986659484088,411.39999999999964,14.815384615384616,30.276923076923076,0.014192560232990006
a3_1p50,0.1,moderate,100,0,3757.9846404421633,101.06364612016291,0.3023115622843769,455.3595565105352,8.807692307692308,26.53846153846154,0.014719222286540828
a3_1p50,0.1,wet,70,0,3612.1292191801267,96.22744098425345,0.37343993328025876,335.2516153666642,20.00769230769231,28.253846153846155,0.012972424202975945
a3_1p50,0.1,wet,85,0,3643.1815214455664,97.33863403175812,0.34229105271235705,315.45692952641133,22.646153846153847,26.646153846153847,0.012490434696082098
a3_1p50,0.1,wet,100,0,3651.6854248014924,97.15264614246416,0.335784443935152,321.31179497720734,15.553846153846154,29.96153846153846,0.010495231403948103
a3_1p50,0.2,dry,70,0,3692.916216645847,98.05218372371654,0.5427505019726795,338.8,55.12307692307692,4.546153846153846,0.014935587670952606
a3_1p50,0.2,dry,85,0,4034.167709061128,99.1411735299318,0.5901513733436454,411.3999999999999,22.50769230769231,5.969230769230769,0.009071265847837094
a3_1p50,0.2,dry,100,0,4180.661514097361,100.85736717697715,0.5924814684512021,484.00000000000017,12.607692307692307,6.623076923076923,0.009628935306532098
a3_1p50,0.2,moderate,70,0,3551.4990210512033,98.33211601229831,0.5597296718962373,338.80000000000007,40.23076923076923,10.138461538461538,0.011100508699381503
a3_1p50,0.2,moderate,85,0,3694.015774799279,99.16621305320871,0.5648453610109627,411.3999999999999,12.984615384615385,24.338461538461537,0.016279789907469193
a3_1p50,0.2,moderate,100,0,3783.1602532792012,101.74069498280043,0.5640512170055927,441.09316046386925,9.615384615384615,18.976923076923075,0.013970932914786044
a3_1p50,0.2,wet,70,0,3704.038007268618,98.6758992051714,0.5102583707233449,328.3396014437369,24.20769230769231,21.1,0.008125030436219344
a3_1p50,0.2,wet,85,0,3720.934184238374,99.41603202689858,0.48990398910145827,325.417547626883,17.46923076923077,23.369230769230768,0.008165709852080877
a3_1p50,0.2,wet,100,0,3710.6813705552236,98.72222609662022,0.48793245457001744,331.41994977419165,12.0,28.784615384615385,0.007107998984284866
a3_1p50,0.3,dry,70,0,3694.230942181441,98.08709155866316,0.7198545350882792,338.8,54.01538461538462,4.523076923076923,0.014829046019656247
a3_1p50,0.3,dry,85,0,4044.0230743164234,99.38337280062188,0.7958840911105362,411.4,23.23846153846154,4.546153846153846,0.009223897958629133
a3_1p50,0.3,dry,100,0,4191.122207322202,101.10972866903907,0.7859169578976338,483.99999999999994,10.053846153846154,5.430769230769231,0.008531854136099951
a3_1p50,0.3,moderate,70,0,3553.7053747740697,98.39320442284134,0.7774136097540209,338.8000000000001,42.30769230769231,8.376923076923077,0.01190526828313634
a3_1p50,0.3,moderate,85,0,3701.9633171987653,99.37956560254362,0.770544421263003,411.40000000000003,13.3,21.49230769230769,0.01548593403322864
a3_1p50,0.3,moderate,100,0,3789.658736324009,101.91545897296967,0.8091795082933121,439.5543630824181,10.169230769230769,16.646153846153847,0.01303699578689168
a3_1p50,0.3,wet,70,0,3721.517717346597,99.1415602233374,0.6850538406094633,334.68419296426526,25.423076923076923,19.215384615384615,0.0062648358983897244
a3_1p50,0.3,wet,85,0,3743.1084980630694,100.0084860140474,0.6280061707492666,323.62823346418156,17.638461538461538,21.49230769230769,0.00548164106133989
a3_1p50,0.3,wet,100,0,3727.994220637369,99.18283236525565,0.6243188868848318,328.2288846792628,13.569230769230769,27.892307692307693,0.005014204785879997
a3_1p50,0.5,dry,70,0,3697.7207252925637,98.17975026920342,1.2699641363918783,338.7999999999999,52.96923076923077,4.492307692307692,0.019205590319338058
a3_1p50,0.5,dry,85,0,4050.4921600820835,99.54235299200877,1.2107747123781687,411.39999999999986,22.876923076923077,5.369230769230769,0.009243465852679949
a3_1p50,0.5,dry,100,0,4196.462336414459,101.23855788872456,1.1880029620554255,484.0,9.807692307692308,4.6692307692307695,0.007416178683693897
a3_1p50,0.5,moderate,70,0,3554.9524741158575,98.42773348125544,1.1810293905434495,338.80000000000007,43.7,6.9,0.01201600100986368
a3_1p50,0.5,moderate,85,0,3705.237714726873,99.46746712291839,1.16055675115592,411.4,12.753846153846155,19.93846153846154,0.015060190824398807
a3_1p50,0.5,moderate,100,0,3795.455493219313,102.07135141095544,1.2441106138113849,439.5329798204429,9.292307692307693,14.607692307692307,0.011512911956311924
a3_1p50,0.5,wet,70,0,3726.0498551932433,99.26229677530097,1.1336656964244893,338.8,25.161538461538463,19.638461538461538,0.004934250748320946
a3_1p50,0.5,wet,85,0,3750.460536121712,100.20491798916728,1.0206384071995045,319.68667505824965,19.115384615384617,20.79230769230769,0.0038208233130906802
a3_1p50,0.5,wet,100,0,3735.2746927084227,99.37652843832515,0.9920055211064012,323.39749678238735,15.4,28.123076923076923,0.004312847769495955
a3_1p50,0.7,dry,70,0,3700.993771274265,98.26665430035567,1.8695098361036953,338.8,52.16923076923077,4.292307692307692,0.02144734429547175
a3_1p50,0.7,dry,85,0,4051.8993035651943,99.57693406704124,1.737715473348244,411.39999999999975,22.661538461538463,4.730769230769231,0.009870364234313412
a3_1p50,0.7,dry,100,0,4197.546741799747,101.26471888543378,1.7095024213405419,484.0,9.992307692307692,4.507692307692308,0.007139028008654828
a3_1p50,0.7,moderate,70,0,3556.058393450344,98.45835361873947,1.6082171530986151,338.79999999999995,44.12307692307692,6.676923076923077,0.012534428425171966
a3_1p50,0.7,moderate,85,0,3707.7104569540834,99.53384812870675,1.6580120957653703,411.40000000000003,12.86923076923077,19.423076923076923,0.01478105728060094
a3_1p50,0.7,moderate,100,0,3796.7436767066283,102.10599458610278,1.7757576695640904,440.13998149031966,8.838461538461539,13.892307692307693,0.010795175333488154
a3_1p50,0.7,wet,70,0,3726.844667433366,99.28347064347929,1.6225458266125112,338.8,25.484615384615385,19.96923076923077,0.004695922464323702
a3_1p50,0.7,wet,85,0,3749.453189787577,100.17800367935745,1.4701366514363674,316.9307618932051,19.76923076923077,20.76923076923077,0.003535424781923609
a3_1p50,0.7,wet,100,0,3734.88634061787,99.36619637823698,1.4251952185263035,320.74155735371215,15.838461538461539,28.46153846153846,0.004157748483177746
a3_1p50,1.0,dry,70,0,3703.914953780869,98.344215855242,3.2957476785549726,338.7999999999999,50.56923076923077,3.9846153846153847,0.021506598211455202
a3_1p50,1.0,dry,85,0,4053.7578781372436,99.62260922916998,2.949566745804697,411.3999999999998,23.49230769230769,3.8923076923076922,0.01062817038435734
a3_1p50,1.0,dry,100,0,4197.8838651526885,101.272851898278,2.717627456774281,484.0000000000001,10.638461538461538,4.8538461538461535,0.00699316513964143
a3_1p50,1.0,moderate,70,0,3555.862891453332,98.45294065792014,2.5939289455723844,338.80000000000024,44.676923076923075,6.184615384615385,0.014039671028038611
a3_1p50,1.0,moderate,85,0,3708.1239412502396,99.54494815488599,2.75516891726682,411.3999999999999,13.676923076923076,18.407692307692308,0.014626267499398788
a3_1p50,1.0,moderate,100,0,3796.7622518106637,102.1064941271921,2.9063471713791724,441.3686181251819,8.776923076923078,13.253846153846155,0.010520881357264145
a3_1p50,1.0,wet,70,0,3725.573855122925,99.24961609144508,2.5887098052429915,338.8,24.5,20.184615384615384,0.004763138180764189
a3_1p50,1.0,wet,85,0,3748.01340344876,100.13953542442889,2.37650094587468,315.3027688897573,20.2,20.6,0.003329619833751055
a3_1p50,1.0,wet,100,0,3733.085980388171,99.31829801351559,2.314350290750979,319.23616989117403,16.29230769230769,28.5,0.004007598465053659
